INSERT INTO `BUILD_TYPE` (ID, HAS_AUTH, HAS_BUILD, HAS_DEPENDENCY, HAS_RELEASE, HAS_STAGING, TOOL_NAME, TOOL_VERSION) VALUES (1,1,1,1,1,0,'MAVEN','3.x');
INSERT INTO `BUILD_TYPE` (ID, HAS_AUTH, HAS_BUILD, HAS_DEPENDENCY, HAS_RELEASE, HAS_STAGING, TOOL_NAME, TOOL_VERSION) VALUES (2,1,1,1,1,0,'NPM','2.6');
INSERT INTO `BUILD_TYPE` (ID, HAS_AUTH, HAS_BUILD, HAS_DEPENDENCY, HAS_RELEASE, HAS_STAGING, TOOL_NAME, TOOL_VERSION) VALUES (3,1,1,1,1,0,'ANT','1.2');
INSERT INTO `BUILD_TYPE` (ID, HAS_AUTH, HAS_BUILD, HAS_DEPENDENCY, HAS_RELEASE, HAS_STAGING, TOOL_NAME, TOOL_VERSION) VALUES (4,1,1,1,1,0,'MAKE','6.0');

INSERT INTO `SCM` (ID, NAME, HAS_AUTH, TYPE, URL) VALUES (1,'GIT',1,'GIT','https://git.1and1.org');
INSERT INTO `SCM` (ID, NAME, HAS_AUTH, TYPE, URL) VALUES (2,'BITBUCKET',1,'BITBUCKET','https://bitbucket.1and1.org');
INSERT INTO `SCM` (ID, NAME, HAS_AUTH, TYPE, URL) VALUES (3,'SVN',1,'SVN','https://svn.1and1.org');
INSERT INTO `SCM` (ID, NAME, HAS_AUTH, TYPE, URL) VALUES (4,'CVS',1,'CVS','https://cvs.1and1.org');

INSERT INTO `RELEASE_REPOSITORY` (ID, NAME, HAS_AUTH, TYPE, URL) VALUES (1,'artifactory',1,'maven','http://artifactory.1and1.org');
INSERT INTO `RELEASE_REPOSITORY` (ID, NAME, HAS_AUTH, TYPE, URL) VALUES (2,'artifactory',0,'debian','http://deb-repo.1and1.org');

INSERT INTO `PROGRAMMING_LANGUAGE` (ID, NAME, VERSION) VALUES (1,'JAVA','8');
INSERT INTO `PROGRAMMING_LANGUAGE` (ID, NAME, VERSION) VALUES (2,'NODEJS','6');
INSERT INTO `PROGRAMMING_LANGUAGE` (ID, NAME, VERSION) VALUES (3,'C','n/a');

INSERT INTO `PRODUCT` (ID, NAME) VALUES (1,'productA');
INSERT INTO `PRODUCT` (ID, NAME) VALUES (2,'productB');
INSERT INTO `PRODUCT` (ID, NAME) VALUES (3,'productC');
INSERT INTO `PRODUCT` (ID, NAME) VALUES (4, 'ReleSIA');

INSERT INTO `APPLICATION` (ID, NAME, RELEASE_LOCATION, SNAPSHOT_LOCATION,SOURCE_PATH, BUILD_TYPE_ID, LANGUAGE_ID, PRODUCT_ID, RELEASE_REPO_ID, SCM_ID) VALUES (1,'projectA','artifactory URL goes here','artifactory URL goes here','source path A',1,1,1,1,1);
INSERT INTO `APPLICATION` (ID, NAME, RELEASE_LOCATION, SNAPSHOT_LOCATION,SOURCE_PATH, BUILD_TYPE_ID, LANGUAGE_ID, PRODUCT_ID, RELEASE_REPO_ID, SCM_ID) VALUES (2,'projectB','artifactory URL goes here','artifactory URL goes here','source path B',2,2,1,1,2);
INSERT INTO `APPLICATION` (ID, NAME, RELEASE_LOCATION, SNAPSHOT_LOCATION,SOURCE_PATH, BUILD_TYPE_ID, LANGUAGE_ID, PRODUCT_ID, RELEASE_REPO_ID, SCM_ID) VALUES (3,'projectC','artifactory URL goes here','artifactory URL goes here','source path C',4,3,1,2,1);
INSERT INTO `APPLICATION` (ID, NAME, RELEASE_LOCATION, SNAPSHOT_LOCATION,SOURCE_PATH, BUILD_TYPE_ID, LANGUAGE_ID, PRODUCT_ID, RELEASE_REPO_ID, SCM_ID) VALUES (4,'projectD','artifactory URL goes here','artifactory URL goes here','source path D',4,3,2,2,4);
INSERT INTO `APPLICATION` (ID, NAME, RELEASE_LOCATION, SNAPSHOT_LOCATION,SOURCE_PATH, BUILD_TYPE_ID, LANGUAGE_ID, PRODUCT_ID, RELEASE_REPO_ID, SCM_ID) VALUES (5,'projectE','artifactory URL goes here','artifactory URL goes here','source path E',1,1,3,1,2);
INSERT INTO `APPLICATION` (ID, NAME, RELEASE_LOCATION, SNAPSHOT_LOCATION,SOURCE_PATH, BUILD_TYPE_ID, LANGUAGE_ID, PRODUCT_ID, RELEASE_REPO_ID, SCM_ID) VALUES (6,'projectF','artifactory URL goes here','artifactory URL goes here','source path F',3,1,2,1,3);
INSERT INTO `APPLICATION` (ID, NAME, RELEASE_LOCATION, SNAPSHOT_LOCATION,SOURCE_PATH, BUILD_TYPE_ID, LANGUAGE_ID, PRODUCT_ID, RELEASE_REPO_ID, SCM_ID) VALUES (7,'projectG','artifactory URL goes here','artifactory URL goes here','source path G',4,3,1,2,1);
INSERT INTO `APPLICATION` (ID, NAME, RELEASE_LOCATION, SNAPSHOT_LOCATION,SOURCE_PATH, BUILD_TYPE_ID, LANGUAGE_ID, PRODUCT_ID, RELEASE_REPO_ID, SCM_ID) VALUES (8,'ReleSIA-BackEnd','n/a','n/a','https://github.com/1and1/ReleSIAbe.git',1,1,4,1,1);
INSERT INTO `APPLICATION` (ID, NAME, RELEASE_LOCATION, SNAPSHOT_LOCATION,SOURCE_PATH, BUILD_TYPE_ID, LANGUAGE_ID, PRODUCT_ID, RELEASE_REPO_ID, SCM_ID) VALUES (9,'ReleSIA-WebClient','n/a','n/a','https://github.com/1and1/ReleSIAwebclient.git',1,1,4,1,1);

INSERT INTO `ISSUE` (ID, ASSIGNEE, DESCRIPTION, ISSUE_TYPE, REFFERENCE_PATH, STATUS, SUBJECT, APPLICATION_ID) VALUES (1,NULL,'something happened there','CHANGELOG','an URL must be added here','NEW','some issue Alpha',1);
INSERT INTO `ISSUE` (ID, ASSIGNEE, DESCRIPTION, ISSUE_TYPE, REFFERENCE_PATH, STATUS, SUBJECT, APPLICATION_ID) VALUES (2,'Darth Qualitis','something happened there','CHANGELOG','an URL must be added here','INPROGRESS','the change of critical properties is not loged',1);
INSERT INTO `ISSUE` (ID, ASSIGNEE, DESCRIPTION, ISSUE_TYPE, REFFERENCE_PATH, STATUS, SUBJECT, APPLICATION_ID) VALUES (3,NULL,'something happened there','VERSIONING','an URL must be added here','NEW','\"GFYS\" is not a valid version format',1);
INSERT INTO `ISSUE` (ID, ASSIGNEE, DESCRIPTION, ISSUE_TYPE, REFFERENCE_PATH, STATUS, SUBJECT, APPLICATION_ID) VALUES (4,'Gigi Sculeru','something happened there','RELEASE','an URL must be added here','RESOLVED','release path \"http://du-te.in.sfintii.parinti.org\" cannot be found',1);
INSERT INTO `ISSUE` (ID, ASSIGNEE, DESCRIPTION, ISSUE_TYPE, REFFERENCE_PATH, STATUS, SUBJECT, APPLICATION_ID) VALUES (5,NULL,'something happened there','CHANGELOG','an URL must be added here','NEW','change of property \"parastas.location\" in file. \"pomana_GoT.properties\" is not loged',1);
INSERT INTO `ISSUE` (ID, ASSIGNEE, DESCRIPTION, ISSUE_TYPE, REFFERENCE_PATH, STATUS, SUBJECT, APPLICATION_ID) VALUES (6,'Florian Spam','something happened there','BUILD','an URL must be added here','CLOSED','WARNING: more maven dependencies than orcs in LOTR',1);
INSERT INTO `ISSUE` (ID, ASSIGNEE, DESCRIPTION, ISSUE_TYPE, REFFERENCE_PATH, STATUS, SUBJECT, APPLICATION_ID) VALUES (7,'John Zapada','something happened there','CHANGELOG','an URL must be added here','RESOLVED','no features of fixes added in changelog for version 1.2.3',1);
INSERT INTO `ISSUE` (ID, ASSIGNEE, DESCRIPTION, ISSUE_TYPE, REFFERENCE_PATH, STATUS, SUBJECT, APPLICATION_ID) VALUES (8,NULL,'something happened there','README','an URL must be added here','NEW','no readme file available',1);

INSERT INTO `USER` (ID, EMAIL, FIRST_NAME, LAST_MODIFIED, LAST_NAME, PASSWORD) VALUES (1,'some@email.com','Some','2016-09-15 14:59:52','User','encripted password');

INSERT INTO `CHECKERLIST` (ID, NAME) VALUES (1, 'Test Checker list');
INSERT INTO `CHECKERLIST` (ID, NAME) VALUES (2, 'Another checker list');

INSERT INTO `CHECKER_PLUGIN` (ID, POSITION, CHECKERLIST_ID, PLUGIN_ID) VALUES (1, 1, 1, 1);
INSERT INTO `CHECKER_PLUGIN` (ID, POSITION, CHECKERLIST_ID, PLUGIN_ID) VALUES (2, 2, 1, 2);
INSERT INTO `CHECKER_PLUGIN` (ID, POSITION, CHECKERLIST_ID, PLUGIN_ID) VALUES (3, 3, 1, 3);
INSERT INTO `CHECKER_PLUGIN` (ID, POSITION, CHECKERLIST_ID, PLUGIN_ID) VALUES (4, 1, 2, 1);
INSERT INTO `CHECKER_PLUGIN` (ID, POSITION, CHECKERLIST_ID, PLUGIN_ID) VALUES (5, 2, 2, 3);
INSERT INTO `CHECKER_PLUGIN` (ID, POSITION, CHECKERLIST_ID, PLUGIN_ID) VALUES (6, 3, 2, 4);

INSERT INTO `WORK_APPLICATION` (ID, LAST_MODIFIED, LOCAL_PATH, NAME, TAG, APPLICATION_ID) VALUES (1,'2016-09-15 14:59:52','someLocalPath','WorkAppA','the tag',1);
